"","Tree 1","Tree 2","Tree 3","Tree 4","Tree 5","Tree 6","Tree 7","Tree 8","Tree 9","Tree 10","Tree 11","Tree 12","Tree 13","Tree 14","Tree 15","Tree 16","Tree 17","Tree 18","Tree 19","Tree 20","Tree 21","Tree 22","Tree 23","Tree 24","Tree 25","Tree 26","Tree 27","Tree 28","Tree 29","Tree 30","Tree 31","Tree 32","Tree 33","Tree 34","Tree 35","Tree 36","Tree 37","Tree 38","Tree 39","Tree 40","Tree 41","Tree 42","Tree 43","Tree 44","Tree 45","Tree 46","Tree 47","Tree 48","Tree 49","Tree 50","Tree 51","Tree 52","Tree 53","Tree 54","Tree 55","Tree 56","Tree 57","Tree 58","Tree 59","Tree 60","Tree 61","Tree 62","Tree 63","Tree 64","Tree 65","Tree 66","Tree 67","Tree 68","Tree 69","Tree 70","Tree 71","Tree 72","Tree 73","Tree 74","Tree 75","Tree 76","Tree 77","Tree 78","Tree 79","Tree 80","Tree 81","Tree 82","Tree 83","Tree 84","Tree 85","Tree 86","Tree 87","Tree 88","Tree 89","Tree 90","Tree 91","Tree 92","Tree 93","Tree 94","Tree 95","Tree 96","Tree 97","Tree 98","Tree 99","Tree 100","Average"
"Acinonyx_jubatus",0,0,0,0,0,0,0,0,0,0,0,0,0,0,0,0,0,0,0,0,0,0,0,0,0,0,0,0,0,0,0,0,0,0,0,0,0,0,0,0,0,0,0,0,0,0,0,0,0,0,0,0,0,0,0,0,0,0,0,0,0,0,0,0,0,0,0,0,0,0,0,0,0,0,0,0,0,0,0,0,0,0,0,0,0,0,0,0,0,0,0,0,0,0,0,0,0,0,0,0,0
"Caracal_caracal",0,0,0,0,0,0,0,0,0,0,0,0,0,0,0,0,0,0,0,0,0,0,0,0,0,0,0,0,0,0,0,0,0,0,0,0,0,0,0,0,0,0,0,0,0,0,0,0,0,0,0,0,0,0,0,0,0,0,0,0,0,0,0,0,0,0,0,0,0,0,0,0,0,0,0,0,0,0,0,0,0,0,0,0,0,0,0,0,0,0,0,0,0,0,0,0,0,0,0,0,0
"Felis_catus",0,0,0,0,0,0,0,0,0,0,0,0,0,0,0,0,0,0,0,0,0,0,0,0,0,0,0,0,0,0,0,0,0,0,0,0,0,0,0,0,0,0,0,0,0,0,0,0,0,0,0,0,0,0,0,0,0,0,0,0,0,0,0,0,0,0,0,0,0,0,0,0,0,0,0,0,0,0,0,0,0,0,0,0,0,0,0,0,0,0,0,0,0,0,0,0,0,0,0,0,0
"Felis_chaus",0,0,0,0,0,0,0,0,0,0,0,0,0,0,0,0,0,0,0,0,0,0,0,0,0,0,0,0,0,0,0,0,0,0,0,0,0,0,0,0,0,0,0,0,0,0,0,0,0,0,0,0,0,0,0,0,0,0,0,0,0,0,0,0,0,0,0,0,0,0,0,0,0,0,0,0,0,0,0,0,0,0,0,0,0,0,0,0,0,0,0,0,0,0,0,0,0,0,0,0,0
"Felis_margarita",0,0,0,0,0,0,0,0,0,0,0,0,0,0,0,0,0,0,0,0,0,0,0,0,0,0,0,0,0,0,0,0,0,0,0,0,0,0,0,0,0,0,0,0,0,0,0,0,0,0,0,0,0,0,0,0,0,0,0,0,0,0,0,0,0,0,0,0,0,0,0,0,0,0,0,0,0,0,0,0,0,0,0,0,0,0,0,0,0,0,0,0,0,0,0,0,0,0,0,0,0
"Felis_nigripes",0,0,0,0,0,0,0,0,0,0,0,0,0,0,0,0,0,0,0,0,0,0,0,0,0,0,0,0,0,0,0,0,0,0,0,0,0,0,0,0,0,0,0,0,0,0,0,0,0,0,0,0,0,0,0,0,0,0,0,0,0,0,0,0,0,0,0,0,0,0,0,0,0,0,0,0,0,0,0,0,0,0,0,0,0,0,0,0,0,0,0,0,0,0,0,0,0,0,0,0,0
"Felis_silvestris",0,0,0,0,0,0,0,0,0,0,0,0,0,0,0,0,0,0,0,0,0,0,0,0,0,0,0,0,0,0,0,0,0,0,0,0,0,0,0,0,0,0,0,0,0,0,0,0,0,0,0,0,0,0,0,0,0,0,0,0,0,0,0,0,0,0,0,0,0,0,0,0,0,0,0,0,0,0,0,0,0,0,0,0,0,0,0,0,0,0,0,0,0,0,0,0,0,0,0,0,0
"Leopardus_colocolo",0,0,0,0,0,0,0,0,0,0,0,0,0,0,0,0,0,0,0,0,0,0,0,0,0,0,0,0,0,0,0,0,0,0,0,0,0,0,0,0,0,0,0,0,0,0,0,0,0,0,0,0,0,0,0,0,0,0,0,0,0,0,0,0,0,0,0,0,0,0,0,0,0,0,0,0,0,0,0,0,0,0,0,0,0,0,0,0,0,0,0,0,0,0,0,0,0,0,0,0,0
"Leopardus_geoffroyi",0,0,0,0,0,0,0,0,0,0,0,0,0,0,0,0,0,0,0,0,0,0,0,0,0,0,0,0,0,0,0,0,0,0,0,0,0,0,0,0,0,0,0,0,0,0,0,0,0,0,0,0,0,0,0,0,0,0,0,0,0,0,0,0,0,0,0,0,0,0,0,0,0,0,0,0,0,0,0,0,0,0,0,0,0,0,0,0,0,0,0,0,0,0,0,0,0,0,0,0,0
"Leopardus_pardalis",0,0,0,0,0,0,0,0,0,0,0,0,0,0,0,0,0,0,0,0,0,0,0,0,0,0,0,0,0,0,0,0,0,0,0,0,0,0,0,0,0,0,0,0,0,0,0,0,0,0,0,0,0,0,0,0,0,0,0,0,0,0,0,0,0,0,0,0,0,0,0,0,0,0,0,0,0,0,0,0,0,0,0,0,0,0,0,0,0,0,0,0,0,0,0,0,0,0,0,0,0
"Leopardus_tigrinus",0,0.314976899589368,0,0.460507138086726,0.320939093482809,0.384047585019614,0,0,0.347827296750596,0.34288426007593,0,0,0.299578433218302,0,0,0,0,0.330754878572233,0,0,0.432709740834146,0,0,0.335357101629163,0,0.323298785611847,0.426196418604259,0,0.249620202858319,0,0,0.307548847991407,0,0,0,0.390382078704082,0.376616626856893,0,0.358777859128028,0.31192644527352,0,0,0,0.4059937671774,0.274592881735549,0,0,0.313576645822902,0.354334754208733,0.319834095633174,0.387963509726888,0,0,0.331764529506597,0.365697166945773,0,0,0,0,0,0.345675205623631,0.462806123032883,0,0,0.466623146245765,0.280185348189558,0.295096499525182,0,0,0.491756440930751,0.36671503633444,0,0,0,0,0,0.261709333597329,0.390148896386553,0,0,0.306437516775113,0.351753367439795,0.303810451447267,0,0.286829561006941,0.374892405935745,0.379080804850829,0,0,0,0.398048289591002,0.393012087859391,0,0.279259326079905,0,0.363667969736892,0,0.384651926490739,0,0.356874054512579,0.166067408346365
"Leptailurus_serval",0,0,0,0,0,0,0,0,0,0,0,0,0,0,0,0,0,0,0,0,0,0,0,0,0,0,0,0,0,0,0,0,0,0,0,0,0,0,0,0,0,0,0,0,0,0,0,0,0,0,0,0,0,0,0,0,0,0,0,0,0,0,0,0,0,0,0,0,0,0,0,0,0,0,0,0,0,0,0,0,0,0,0,0,0,0,0,0,0,0,0,0,0,0,0,0,0,0,0,0,0
"Lynx_lynx",0,0,0,0,0,0,0,0,0,0,0,0,0,0,0,0,0,0,0,0,0,0,0,0,0,0,0,0,0,0,0,0,0,0,0,0,0,0,0,0,0,0,0,0,0,0,0,0,0,0,0,0,0,0,0,0,0,0,0,0,0,0,0,0,0,0,0,0,0,0,0,0,0,0,0,0,0,0,0,0,0,0,0,0,0,0,0,0,0,0,0,0,0,0,0,0,0,0,0,0,0
"Lynx_rufus",0,0,0,0,0,0,0,0,0,0,0,0,0,0,0,0,0,0,0,0,0,0,0,0,0,0,0,0,0,0,0,0,0,0,0,0,0,0,0,0,0,0,0,0,0,0,0,0,0,0,0,0,0,0,0,0,0,0,0,0,0,0,0,0,0,0,0,0,0,0,0,0,0,0,0,0,0,0,0,0,0,0,0,0,0,0,0,0,0,0,0,0,0,0,0,0,0,0,0,0,0
"Neofelis_nebulosa",0,0,0,0,0,0,0,0,0,0,0,0,0,0,0,0,0,0,0,0,0,0,0,0,0,0,0,0,0,0,0,0,0,0,0,0,0,0,0,0,0,0,0,0,0,0,0,0,0,0,0,0,0,0,0,0,0,0,0,0,0,0,0,0,0,0,0,0,0,0,0,0,0,0,0,0,0,0,0,0,0,0,0,0,0,0,0,0,0,0,0,0,0,0,0,0,0,0,0,0,0
"Panthera_leo",0,0,0,0,0,0,0,0,0,0,0,0,0,0,0,0,0,0,0,0,0,0,0,0,0,0,0,0,0,0,0,0,0,0,0,0,0,0,0,0,0,0,0,0,0,0,0,0,0,0,0,0,0,0,0,0,0,0,0,0,0,0,0,0,0,0,0,0,0,0,0,0,0,0,0,0,0,0,0,0,0,0,0,0,0,0,0,0,0,0,0,0,0,0,0,0,0,0,0,0,0
"Panthera_pardus",0,0,0,0,0,0,0,0,0,0,0,0,0,0,0,0,0,0,0,0,0,0,0,0,0,0,0,0,0,0,0,0,0,0,0,0,0,0,0,0,0,0,0,0,0,0,0,0,0,0,0,0,0,0,0,0,0,0,0,0,0,0,0,0,0,0,0,0,0,0,0,0,0,0,0,0,0,0,0,0,0,0,0,0,0,0,0,0,0,0,0,0,0,0,0,0,0,0,0,0,0
"Panthera_tigris",0,0,0,0,0,0,0,0,0,0,0,0,0,0,0,0,0,0,0,0,0,0,0,0,0,0,0,0,0,0,0,0,0,0,0,0,0,0,0,0,0,0,0,0,0,0,0,0,0,0,0,0,0,0,0,0,0,0,0,0,0,0,0,0,0,0,0,0,0,0,0,0,0,0,0,0,0,0,0,0,0,0,0,0,0,0,0,0,0,0,0,0,0,0,0,0,0,0,0,0,0
"Prionailurus_bengalensis",0,0,0,0,0,0,0,0,0,0,0,0,0,0,0,0,0,0,0,0,0,0,0,0,0,0,0,0,0,0,0,0,0,0,0,0,0,0,0,0,0,0,0,0,0,0,0,0,0,0,0,0,0,0,0,0,0,0,0,0,0,0,0,0,0,0,0,0,0,0,0,0,0,0,0,0,0,0,0,0,0,0,0,0,0,0,0,0,0,0,0,0,0,0,0,0,0,0,0,0,0
"Prionailurus_viverrinus",0,0,0,0,0,0,0,0,0,0,0,0,0,0,0,0,0,0,0,0,0,0,0,0,0,0,0,0,0,0,0,0,0,0,0,0,0,0,0,0,0,0,0,0,0,0,0,0,0,0,0,0,0,0,0,0,0,0,0,0,0,0,0,0,0,0,0,0,0,0,0,0,0,0,0,0,0,0,0,0,0,0,0,0,0,0,0,0,0,0,0,0,0,0,0,0,0,0,0,0,0
"Puma_concolor",0,0,0,0,0,0,0,0,0,0,0,0,0,0,0,0,0,0,0,0,0,0,0,0,0,0,0,0,0,0,0,0,0,0,0,0,0,0,0,0,0,0,0,0,0,0,0,0,0,0,0,0,0,0,0,0,0,0,0,0,0,0,0,0,0,0,0,0,0,0,0,0,0,0,0,0,0,0,0,0,0,0,0,0,0,0,0,0,0,0,0,0,0,0,0,0,0,0,0,0,0
"Uncia_uncia",0,0,0,0,0,0,0,0,0,0,0,0,0,0,0,0,0,0,0,0,0,0,0,0,0,0,0,0,0,0,0,0,0,0,0,0,0,0,0,0,0,0,0,0,0,0,0,0,0,0,0,0,0,0,0,0,0,0,0,0,0,0,0,0,0,0,0,0,0,0,0,0,0,0,0,0,0,0,0,0,0,0,0,0,0,0,0,0,0,0,0,0,0,0,0,0,0,0,0,0,0
"Ailuropoda_melanoleuca",0,0,0,0,0,0,0,0,0,0,0,0,0,0,0,0,0,0,0,0,0,0,0,0,0,0,0,0,0,0,0,0,0,0,0,0,0,0,0,0,0,0,0,0,0,0,0,0,0,0,0,0,0,0,0,0,0,0,0,0,0,0,0,0,0,0,0,0,0,0,0,0,0,0,0,0,0,0,0,0,0,0,0,0,0,0,0,0,0,0,0,0,0,0,0,0,0,0,0,0,0
"Helarctos_malayanus",0,0,0,0,0,0,0,0,0,0,0,0,0,0,0,0,0,0,0,0,0,0,0,0,0,0,0,0,0,0,0,0,0,0,0,0,0,0,0,0,0,0,0,0,0,0,0,0,0,0,0,0,0,0,0,0,0,0,0,0,0,0,0,0,0,0,0,0,0,0,0,0,0,0,0,0,0,0,0,0,0,0,0,0,0,0,0,0,0,0,0,0,0,0,0,0,0,0,0,0,0
"Tremarctos_ornatus",0,0,0,0,0,0,0,0,0,0,0,0,0,0,0,0,0,0,0,0,0,0,0,0,0,0,0,0,0,0,0,0,0,0,0,0,0,0,0,0,0,0,0,0,0,0,0,0,0,0,0,0,0,0,0,0,0,0,0,0,0,0,0,0,0,0,0,0,0,0,0,0,0,0,0,0,0,0,0,0,0,0,0,0,0,0,0,0,0,0,0,0,0,0,0,0,0,0,0,0,0
"Ursus_americanus",0,0,0,0,0,0,0,0,0,0,0,0,0,0,0,0,0,0,0,0,0,0,0,0,0,0,0,0,0,0,0,0,0,0,0,0,0,0,0,0,0,0,0,0,0,0,0,0,0,0,0,0,0,0,0,0,0,0,0,0,0,0,0,0,0,0,0,0,0,0,0,0,0,0,0,0,0,0,0,0,0,0,0,0,0,0,0,0,0,0,0,0,0,0,0,0,0,0,0,0,0
"Ursus_arctos",0,0,0,0,0,0,0,0,0,0,0,0,0,0,0,0,0,0,0,0,0,0,0,0,0,0,0,0,0,0,0,0,0,0,0,0,0,0,0,0,0,0,0,0,0,0,0,0,0,0,0,0,0,0,0,0,0,0,0,0,0,0,0,0,0,0,0,0,0,0,0,0,0,0,0,0,0,0,0,0,0,0,0,0,0,0,0,0,0,0,0,0,0,0,0,0,0,0,0,0,0
"Ursus_maritimus",0,0,0,0,0,0,0,0,0,0,0,0,0,0,0,0,0,0,0,0,0,0,0,0,0,0,0,0,0,0,0,0,0,0,0,0,0,0,0,0,0,0,0,0,0,0,0,0,0,0,0,0,0,0,0,0,0,0,0,0,0,0,0,0,0,0,0,0,0,0,0,0,0,0,0,0,0,0,0,0,0,0,0,0,0,0,0,0,0,0,0,0,0,0,0,0,0,0,0,0,0
"Ursus_thibetanus",0,0,0,0,0,0,0,0,0,0,0,0,0,0,0,0,0,0,0,0,0,0,0,0,0,0,0,0,0,0,0,0,0,0,0,0,0,0,0,0,0,0,0,0,0,0,0,0,0,0,0,0,0,0,0,0,0,0,0,0,0,0,0,0,0,0,0,0,0,0,0,0,0,0,0,0,0,0,0,0,0,0,0,0,0,0,0,0,0,0,0,0,0,0,0,0,0,0,0,0,0
"Ailurus_fulgens",0.022675617670099,0.023331364164098,0.0225719632562696,0.0223414585851174,0.0219397296773948,0.0230989831396252,0.0229078233391103,0.0230928615930695,0.0224514691828419,0.0220394461556414,0.023170733712379,0.0231042821035416,0.0224398226798178,0.022973741290065,0.0227587926200382,0.0232427374821986,0.0232123544872824,0.0220522634662145,0.0230191529704062,0.0223366424193209,0.0224558670341252,0.0228196044777053,0.0236463577499581,0.0224921616515391,0.0222276773894341,0.0223748860681599,0.0224456864878144,0.0222857926954581,0.0230516768793354,0.0229837969763021,0.0231245568161912,0.0228865076833835,0.0224514167601762,0.02306743242513,0.0227077569573501,0.0220417385875247,0.0230264925791708,0.0225928304962187,0.0228516245183562,0.0226987275280043,0.0221020269810094,0.0233126012836281,0.0232163591012682,0.0222499283269177,0.0229578715019725,0.0224664404158613,0.02248233130416,0.0233813779358793,0.0224816808032851,0.0226157534187534,0.0227238481387501,0.0222339577973351,0.0218646922312945,0.0225391710526341,0.0228133672645837,0.0222383193077601,0.0232798073158129,0.0224407366509325,0.0225636167647667,0.0226202220118775,0.0227329998937051,0.0226201145624018,0.0221243220950931,0.0231727267939576,0.0226300150935828,0.0221794853115508,0.0229063341444001,0.0230892182629356,0.0232327260249472,0.022587659430325,0.022372170952465,0.0224217669782094,0.0230111190633206,0.0225877895337021,0.0228658909545086,0.0225107525424503,0.0228109214136042,0.0228957401031728,0.0221980219389317,0.0229665681876764,0.0225567529041238,0.0232524764128344,0.0225391380302915,0.0228181866067351,0.0230751020948626,0.02330318336401,0.0224023189462513,0.0223921512842389,0.0227226579620709,0.0232285614510702,0.0227564159389251,0.0223154581882908,0.0227196709318184,0.0217954703030048,0.0229569133420021,0.0229366309965319,0.0221877237645141,0.0234118895860566,0.0233181351944563,0.0229894517503217,0.022711725736977
"Eira_barbara",0,0,0,0,0,0,0,0,0,0,0,0,0,0,0,0,0,0,0,0,0,0,0,0,0,0,0,0,0,0,0,0,0,0,0,0,0,0,0,0,0,0,0,0,0,0,0,0,0,0,0,0,0,0,0,0,0,0,0,0,0,0,0,0,0,0,0,0,0,0,0,0,0,0,0,0,0,0,0,0,0,0,0,0,0,0,0,0,0,0,0,0,0,0,0,0,0,0,0,0,0
"Enhydra_lutris",0,0,0,0,0,0,0,0,0,0,0,0,0,0,0,0,0,0,0,0,0,0,0,0,0,0,0,0,0,0,0,0,0,0,0,0,0,0,0,0,0,0,0,0,0,0,0,0,0,0,0,0,0,0,0,0,0,0,0,0,0,0,0,0,0,0,0,0,0,0,0,0,0,0,0,0,0,0,0,0,0,0,0,0,0,0,0,0,0,0,0,0,0,0,0,0,0,0,0,0,0
"Galictis_vittata",0,0,0,0,0,0,0,0,0,0,0,0,0,0,0,0,0,0,0,0,0,0,0,0,0,0,0,0,0,0,0,0,0,0,0,0,0,0,0,0,0,0,0,0,0,0,0,0,0,0,0,0,0,0,0,0,0,0,0,0,0,0,0,0,0,0,0,0,0,0,0,0,0,0,0,0,0,0,0,0,0,0,0,0,0,0,0,0,0,0,0,0,0,0,0,0,0,0,0,0,0
"Gulo_gulo",0.0650099530271625,0.06998078396147,0.0684867851733886,0.0681302961776279,0.0703529006898407,0.0701413671246175,0.0673862711909847,0.0688875080873126,0.0676310036294538,0.114389017360146,0.071063957470382,0.0649570153415067,0.0695338388780811,0.0707485014432443,0.116381031736335,0.0708067415767134,0.0727321920628082,0.114193961085618,0.0668434810497854,0.0631618214017752,0.0700841423229167,0.0648227279732188,0.0664079016434029,0.0689815399867672,0.11866270690363,0.0715797683519807,0.0731168980707773,0.0680428561066173,0.0691184358276948,0.0670266354419513,0.0682390769684556,0.0715194880207312,0.0702137482015303,0.115155122303713,0.119102299745698,0.0657230544680707,0.0666684133910482,0.0698191794935546,0.11826616129541,0.0664609037015097,0.0708896329957974,0.0673912438276601,0.0689739939081476,0.0662254725603359,0.0673823071962736,0.0689995982862032,0.0678158652762136,0.11190624852589,0.0667140425439166,0.0641033242899442,0.0667343308206162,0.0687340682848834,0.0662216483659623,0.0609665763003695,0.0695635285222795,0.0661604991393269,0.0667599436443347,0.0712565124015644,0.0732153716437456,0.0694683772600206,0.115996799633,0.0721715622124488,0.0678711073385385,0.114256973782865,0.0680433005772311,0.0646537455825175,0.0670460849173237,0.0672099832262357,0.068236813966678,0.0684188038291505,0.070714141391117,0.0707088462712371,0.0670932365350868,0.0687957767231069,0.0674328340161864,0.0674726317343715,0.0671861544845786,0.0713602694501059,0.0705066416873785,0.0727664713727328,0.0701146331990492,0.069330381523815,0.0672329518765569,0.112896481135646,0.113501367945145,0.0675831527894871,0.0709978074459866,0.0714706421044977,0.0706350522231308,0.0688881771846132,0.0690826194387151,0.0671691817007575,0.11777662699441,0.0703877478093006,0.0694425106554816,0.0706161677210364,0.0676546134444812,0.0697282140758447,0.0697329499989931,0.0683323450317725,0.0746982787751103
"Ictonyx_striatus",0,0,0,0,0,0,0,0,0,0,0,0,0,0,0,0,0,0,0,0,0,0,0,0,0,0,0,0,0,0,0,0,0,0,0,0,0,0,0,0,0,0,0,0,0,0,0,0,0,0,0,0,0,0,0,0,0,0,0,0,0,0,0,0,0,0,0,0,0,0,0,0,0,0,0,0,0,0,0,0,0,0,0,0,0,0,0,0,0,0,0,0,0,0,0,0,0,0,0,0,0
"Lutra_lutra",0.0656479117372166,0,0.0685202067794307,0,0.0679645078527592,0.0709471896964666,0.0707640414599383,0.0710331552104517,0,0,0,0,0.0665017732894829,0,0,0.0751291883935186,0.0689832435412529,0,0,0.0681078700750103,0,0,0,0.0706202370489596,0.0696288157496848,0.0686899992715979,0,0,0,0,0,0.0749663457542226,0,0,0.0689416349081167,0.0707507139072603,0,0,0,0,0,0.0717383324044447,0,0,0.0720745862467938,0,0,0,0.0712389029294849,0.0707371511552619,0,0.0687207859269005,0,0.06661036315752,0,0.0702155131798621,0,0,0.0689402518275437,0,0,0,0,0.0658356149066604,0,0.0700021819602726,0,0.0685823218082375,0,0.0668243453970972,0,0.0706114855700731,0,0.0655598846930047,0.0705525655571197,0.0741047095277512,0,0,0,0,0,0.0688178294471272,0,0.0703242446851025,0.0676769252405187,0.069033036325713,0.0728315675212211,0,0,0.0689131242596936,0.0685649983349118,0,0.0684948489747233,0,0,0,0,0.0694741591409491,0,0.068718042259952,0.0292239460711331
"Martes_americana",0,0,0,0,0,0,0,0,0,0,0,0,0,0,0,0,0,0,0,0,0,0,0,0,0,0,0,0,0,0,0,0,0,0,0,0,0,0,0,0,0,0,0,0,0,0,0,0,0,0,0,0,0,0,0,0,0,0,0,0,0,0,0,0,0,0,0,0,0,0,0,0,0,0,0,0,0,0,0,0,0,0,0,0,0,0,0,0,0,0,0,0,0,0,0,0,0,0,0,0,0
"Martes_flavigula",0,0,0,0,0,0,0,0,0,0.0635826657544683,0,0,0,0,0.0675732382558086,0,0,0.0637273083090229,0,0,0,0,0,0,0.0686751822677845,0,0,0,0,0,0,0,0,0.0635949985750295,0.0691616358088976,0,0,0,0.0683308368765092,0,0,0,0,0,0,0,0,0.0649270881663576,0,0,0,0,0,0,0,0,0,0,0,0,0.0686019693928561,0,0,0.067860735121321,0,0,0,0,0,0,0,0,0,0,0,0,0,0,0,0,0,0,0,0.0652511431695614,0.0666868550172545,0,0,0,0,0,0,0,0.0666833552732061,0,0,0,0,0,0,0,0.00864657011988077
"Martes_foina",0,0,0,0,0,0,0,0,0,0,0,0,0,0,0,0,0,0,0,0,0,0,0,0,0,0,0,0,0,0,0,0,0,0,0,0,0,0,0,0,0,0,0,0,0,0,0,0,0,0,0,0,0,0,0,0,0,0,0,0,0,0,0,0,0,0,0,0,0,0,0,0,0,0,0,0,0,0,0,0,0,0,0,0,0,0,0,0,0,0,0,0,0,0,0,0,0,0,0,0,0
"Martes_martes",0,0,0,0,0,0,0,0,0,0,0,0,0,0,0,0,0,0,0,0,0,0,0,0,0,0,0,0,0,0,0,0,0,0,0,0,0,0,0,0,0,0,0,0,0,0,0,0,0,0,0,0,0,0,0,0,0,0,0,0,0,0,0,0,0,0,0,0,0,0,0,0,0,0,0,0,0,0,0,0,0,0,0,0,0,0,0,0,0,0,0,0,0,0,0,0,0,0,0,0,0
"Martes_melampus",0,0,0,0,0,0,0,0,0,0,0,0,0,0,0,0,0,0,0,0,0,0,0,0,0,0,0,0,0,0,0,0,0,0,0,0,0,0,0,0,0,0,0,0,0,0,0,0,0,0,0,0,0,0,0,0,0,0,0,0,0,0,0,0,0,0,0,0,0,0,0,0,0,0,0,0,0,0,0,0,0,0,0,0,0,0,0,0,0,0,0,0,0,0,0,0,0,0,0,0,0
"Martes_zibellina",0,0,0,0,0,0,0,0,0,0,0,0,0,0,0,0,0,0,0,0,0,0,0,0,0,0,0,0,0,0,0,0,0,0,0,0,0,0,0,0,0,0,0,0,0,0,0,0,0,0,0,0,0,0,0,0,0,0,0,0,0,0,0,0,0,0,0,0,0,0,0,0,0,0,0,0,0,0,0,0,0,0,0,0,0,0,0,0,0,0,0,0,0,0,0,0,0,0,0,0,0
"Meles_meles",0.105229462325855,0.108194207288295,0.108707862111085,0.109085129558093,0.105393761104629,0.108585980345631,0.107886906916914,0.106430253366641,0.108088434052104,0.103143671267534,0.106014675483784,0.105331930399967,0.106346360884349,0.0824153363781285,0.107038865058323,0.109103311159347,0.108990233812075,0.105335935793946,0.108544331161682,0.105732983320012,0.107698894994486,0.0745490398187981,0.112471617791693,0.109721271752801,0.0800244362664242,0.106894122168009,0.10996115769149,0.0844216194518151,0.108135584290484,0.10671233005625,0.0789820415411749,0.109643171767925,0.105513079501966,0.108888969545023,0.110382029615826,0.107343781702035,0.110880319899362,0.105817713263166,0.10835019564512,0.107229211134023,0.109078002196543,0.106253281883665,0.107109909358803,0.106929868113131,0.108406285942738,0.108229180493286,0.108259030939869,0.108653588272273,0.108364461330506,0.107049827009755,0.109161534626743,0.0753092688030849,0.0792903481999723,0.108298354184171,0.108539210212985,0.108587194810174,0.108964526086809,0.107761736645483,0.107982303872361,0.109573562704695,0.107233611260831,0.106985878280176,0.106126303607909,0.108225416661758,0.109071256419437,0.109208814907659,0.107667327762653,0.108392365619952,0.108759398591178,0.106122984935765,0.107444465260533,0.0759822241133443,0.107002206560876,0.105375876794366,0.105520539162106,0.107532740147139,0.107060963152281,0.108097419109449,0.106935330026654,0.107274122346108,0.080276762162211,0.107127939587555,0.105399430112896,0.1070091186807,0.105715400963593,0.0821456611106128,0.0789140884712095,0.107186826704189,0.106242418492464,0.107875458638098,0.107914946184172,0.108534046547499,0.109038614173332,0.103557643458515,0.10691515460412,0.110280786658303,0.106296565641491,0.107303037596552,0.108917631057377,0.106135960452469,0.104498284313908
"Mellivora_capensis",0.0362227614357353,0.0373096099881267,0.03715092387655,0.0371043319272324,0.0364047949632966,0.0376408421464553,0.0369921915451929,0.0367428951871815,0.0370012376571128,0.0353774531935851,0.0367213368990004,0.0360738492278166,0.0366766213162024,0,0.0364591567040837,0.0370238359799063,0.0370349452538694,0.0367739088199089,0.0368715996272086,0.0366800235753951,0.0372428229431608,0,0.0382537587612132,0.0378561329905475,0,0.0373386447816491,0.0371174513094429,0,0.0379069423995178,0.0366885636201148,0,0.0374635484340586,0.0358302901142125,0.0368936382946013,0.0383104288710298,0.0364322774272686,0.037889971160872,0.0373268036335744,0.0373305547499719,0.0369537610537007,0.0373453310393004,0.037046264303839,0.0380323015169801,0.0384709357278526,0.0372127999777919,0.0368427542818216,0.0375300850560308,0.03714167614508,0.0378571204102298,0.036409579961622,0.0378227486014079,0,0,0.037146928657999,0.0383533083799748,0.0371679770626724,0.0369149115755625,0.0368663716838656,0.0372937492557178,0.0372201671516697,0.0365568225527016,0.0383480150648634,0.0364721921998221,0.037287020271486,0.0377315448093704,0.0368676805714288,0.0366851705467234,0.0370920500473817,0.0374659738716651,0.0387783786981258,0.0374356560615586,0,0.0369326516895496,0.0355067563368752,0.0376899554924866,0.0364464360371112,0.0368395538371856,0.0379215415442502,0.0362873708662013,0.0369724489045512,0,0.0372006053484167,0.0355243623231205,0.036445917989156,0.0362364766325339,0,0,0.0372488006028489,0.0365212181180011,0.0366772199255206,0.0372540723670054,0.0373846505996055,0.03745454983713,0.0353434845909585,0.0373905130964847,0.0378272840266214,0.0361963342759045,0.0370599854088379,0.0374187008567371,0.0359257046355243,0.0329820002069596
"Melogale_moschata",0,0,0,0,0,0,0,0,0,0,0,0,0,0,0,0,0,0,0,0,0,0,0,0,0,0,0,0,0,0,0,0,0,0,0,0,0,0,0,0,0,0,0,0,0,0,0,0,0,0,0,0,0,0,0,0,0,0,0,0,0,0,0,0,0,0,0,0,0,0,0,0,0,0,0,0,0,0,0,0,0,0,0,0,0,0,0,0,0,0,0,0,0,0,0,0,0,0,0,0,0
"Mustela_altaica",0.145383027573694,0.162426469527922,0.17775793208497,0.169544658984088,0.164195793631513,0.156194014212032,0.172612029087793,0.151925580776711,0.177623616272328,0.157316730327306,0.167115148009569,0.173967533132278,0.152741993730265,0.167230568144278,0.178482091919799,0.164930634292865,0.166750403154183,0.158963785037439,0.169226900436999,0.163967031482442,0.163179919733819,0.167879737670178,0.183432050349361,0.162435123416169,0.164628836064051,0.179565129166253,0.16111359137463,0.175047901858721,0.172421670980211,0.167347436036935,0.162559704111617,0.162604164226365,0.154874160863762,0.166015581223972,0.178772675515388,0.155469180328679,0.168846588692024,0.164585049810681,0.176783859646047,0.175046860050833,0.156478409570539,0.189447688013393,0.152428405528286,0.16180352683146,0.191664583914609,0.146070676874391,0.162184613783245,0.170510106557063,0.167370627520573,0.177089317485633,0.154496799292433,0.153647121722217,0.166715681073564,0.160964939740074,0.1554292848086,0.179933913859173,0.190356429089715,0.158340264679929,0.138740629116356,0.185848354072205,0.162460114010953,0.168883202404576,0.165716311234539,0.177342602678821,0.181605736135785,0.159419991804421,0.169719611311675,0.177222794754232,0.157038899635003,0.160865637300197,0.175809987371637,0.152160681681102,0.170524731875993,0.161947122648622,0.156768388965831,0.167679450553932,0.1601248717831,0.181895801718608,0.158516287545841,0.163643810911177,0.177465281131493,0.181723652470283,0.166540928268489,0.153028815164756,0.1685713544097,0.18389644571235,0.159244163498037,0.192804200213584,0.165781998650223,0.171144784045016,0.168863638885169,0.139856716787804,0.171909003074596,0.154172929295359,0.178409203633806,0.161756206541797,0.174934845513862,0.160002252828595,0.174212810701552,0.173083207322811,0.16687235010947
"Mustela_erminea",0.0993657878935519,0.101082155245401,0.0972400738730573,0.101266817477766,0.0958147907900679,0.087013791925535,0.0944386317816306,0.0862813886363389,0.0981719210601302,0.0927995527654926,0.0892068936319513,0.097209882003589,0.0911543707590378,0.0951846921295329,0.103354227109484,0.0980373029968912,0.0974375483782395,0.0886770178411724,0.0983162747872999,0.0954091137873521,0.0957384059170678,0.0930005809564552,0.100627573913046,0.0950316141988823,0.0947772970323522,0.098005298181667,0.0935192383657844,0.090531967653237,0.10318204128465,0.0981195197483404,0.0901190418532559,0.096733605974033,0.0949262399322002,0.090969776014493,0.0965419447494717,0.0931693714069258,0.0991079197308256,0.0988400331056676,0.100301204529233,0.0969547482930369,0.0991500166851877,0.100659946727366,0.0967370964323177,0.094988221959743,0.100113418482312,0.0931171525574146,0.0912139444999707,0.09614742094751,0.0979074437737628,0.0930928459918225,0.0999239479231135,0.0949987526760279,0.0948980709277085,0.0894186846374771,0.0933417639316782,0.0987497979505495,0.100047242304479,0.0920941839740958,0.0872332635654924,0.104726648785509,0.0964873956383574,0.0945244714951851,0.092102683040198,0.0968867478450734,0.0913344937434041,0.0903227158352843,0.094474462679185,0.0973208352770655,0.0943737841651496,0.0930442881281148,0.101586156045631,0.0883742209856454,0.0953237141151467,0.097752647064987,0.0989159210491139,0.0936112739149822,0.0912584864677552,0.0938388947520067,0.100186005373865,0.0991027435571876,0.0926558215781304,0.0954332790374128,0.099098068861423,0.0910616025124517,0.0945709199205225,0.0968972342781736,0.0968221423957099,0.0955426213974752,0.0879886050946432,0.0922068605474828,0.100752957039239,0.0923391813659275,0.100131873693774,0.0945909489733532,0.0994581816949127,0.0986428811431586,0.0971275026780288,0.0880909726020212,0.099501972729356,0.0908708342548746,0.0955082592541909
"Mustela_frenata",0,0,0,0,0,0,0,0,0,0,0,0,0,0,0,0,0,0,0,0,0,0,0,0,0,0,0,0,0,0,0,0,0,0,0,0,0,0,0,0,0,0,0,0,0,0,0,0,0,0,0,0,0,0,0,0,0,0,0,0,0,0,0,0,0,0,0,0,0,0,0,0,0,0,0,0,0,0,0,0,0,0,0,0,0,0,0,0,0,0,0,0,0,0,0,0,0,0,0,0,0
"Mustela_itatsi",0,0,0,0,0,0,0,0,0,0,0,0,0,0,0,0,0,0,0,0,0,0,0,0,0,0,0,0,0,0,0,0,0,0,0,0,0,0,0,0,0,0,0,0,0,0,0,0,0,0,0,0,0,0,0,0,0,0,0,0,0,0,0,0,0,0,0,0,0,0,0,0,0,0,0,0,0,0,0,0,0,0,0,0,0,0,0,0,0,0,0,0,0,0,0,0,0,0,0,0,0
"Mustela_lutreola",0,0,0,0,0,0,0,0,0,0,0,0,0,0,0,0,0,0,0,0,0,0,0,0,0,0,0,0,0,0,0,0,0,0,0,0,0,0,0,0,0,0,0,0,0,0,0,0,0,0,0,0,0,0,0,0,0,0,0,0,0,0,0,0,0,0,0,0,0,0,0,0,0,0,0,0,0,0,0,0,0,0,0,0,0,0,0,0,0,0,0,0,0,0,0,0,0,0,0,0,0
"Mustela_nigripes",0,0,0,0,0,0,0,0,0,0,0,0,0,0,0,0,0,0,0,0,0,0,0,0,0,0,0,0,0,0,0,0,0,0,0,0,0,0,0,0,0,0,0,0,0,0,0,0,0,0,0,0,0,0,0,0,0,0,0,0,0,0,0,0,0,0,0,0,0,0,0,0,0,0,0,0,0,0,0,0,0,0,0,0,0,0,0,0,0,0,0,0,0,0,0,0,0,0,0,0,0
"Mustela_nivalis",0,0,0,0,0,0,0,0,0,0,0,0,0,0,0,0,0,0,0,0,0,0,0,0,0,0,0,0,0,0,0,0,0,0,0,0,0,0,0,0,0,0,0,0,0,0,0,0,0,0,0,0,0,0,0,0,0,0,0,0,0,0,0,0,0,0,0,0,0,0,0,0,0,0,0,0,0,0,0,0,0,0,0,0,0,0,0,0,0,0,0,0,0,0,0,0,0,0,0,0,0
"Mustela_sibirica",0,0,0,0,0,0,0,0,0,0,0,0,0,0,0,0,0,0,0,0,0,0,0,0,0,0,0,0,0,0,0,0,0,0,0,0,0,0,0,0,0,0,0,0,0,0,0,0,0,0,0,0,0,0,0,0,0,0,0,0,0,0,0,0,0,0,0,0,0,0,0,0,0,0,0,0,0,0,0,0,0,0,0,0,0,0,0,0,0,0,0,0,0,0,0,0,0,0,0,0,0
"Taxidea_taxus",0.0988784937646429,0.0978972199339987,0.0981511240022163,0.0994474632635432,0.0969976323001297,0.099092605700982,0.0974772085998196,0.0984591730296603,0.101372214843865,0.0934564998548746,0.0992230045076582,0.097380598234385,0.0988631137398854,0.102056274043923,0.0986488494617254,0.0994136253028521,0.0995160831383867,0.0961839992306692,0.101284616432215,0.0990652304017339,0.0992440875481023,0.0997332003871508,0.103772504112545,0.0995445604082691,0.0977221361069898,0.0999411013687665,0.098546550084052,0.099363250478501,0.101635016058247,0.100330703368508,0.101515013453628,0.0990663622701005,0.0982306691799915,0.0993133442289155,0.0995475629508324,0.0979975315080977,0.101902232746867,0.0979569414593872,0.0990924322367056,0.0992846474843034,0.0996730656966793,0.0991634734568331,0.0976536560760012,0.0944208720907771,0.0984666154901526,0.0993463704382341,0.0983895951913779,0.0996186531473308,0.0999922239490497,0.0956396359719803,0.0987244959604409,0.0978697315269403,0.0987539587642061,0.10054489972228,0.100682040287798,0.0989642500548516,0.100737583792014,0.0979053700967384,0.0991326881212582,0.100542726294643,0.096945345860865,0.0975005442983517,0.096909926839792,0.0991099791693939,0.100203185337151,0.101011104305987,0.0988370112323591,0.0993199661171574,0.099460212842763,0.0980918647232256,0.100505603499743,0.0978830602116096,0.0994761750415308,0.0962498245167364,0.0965430259347342,0.100051733409628,0.0992044366472719,0.099408338144258,0.0969848947917699,0.101231429734822,0.0959341998875828,0.0984279094414093,0.0965897165404539,0.100079276129971,0.100006933809519,0.102630877556716,0.10051622790359,0.0982758420774399,0.0994308841446673,0.101698466072673,0.0992037674157132,0.100642663791845,0.101155523135217,0.0961998987734198,0.0991645715433275,0.0995065140305829,0.0984809801223846,0.0995784941801,0.100305718456686,0.098750178244808,0.0990433308927397
"Vormela_peregusna",0,0,0,0,0,0,0,0,0,0,0,0,0,0,0,0,0,0,0,0,0,0,0,0,0,0,0,0,0,0,0,0,0,0,0,0,0,0,0,0,0,0,0,0,0,0,0,0,0,0,0,0,0,0,0,0,0,0,0,0,0,0,0,0,0,0,0,0,0,0,0,0,0,0,0,0,0,0,0,0,0,0,0,0,0,0,0,0,0,0,0,0,0,0,0,0,0,0,0,0,0
"Arctictis_binturong",0,0,0,0,0,0,0,0,0,0,0,0,0,0,0,0,0,0,0,0,0,0,0,0,0,0,0,0,0,0,0,0,0,0,0,0,0,0,0,0,0,0,0,0,0,0,0,0,0,0,0,0,0,0,0,0,0,0,0,0,0,0,0,0,0,0,0,0,0,0,0,0,0,0,0,0,0,0,0,0,0,0,0,0,0,0,0,0,0,0,0,0,0,0,0,0,0,0,0,0,0
"Genetta_genetta",0.175034880064662,0.192062111364877,0.164494597749182,0.0851072666254652,0.187482435243346,0.18695355812011,0.20940755042688,0.217462310529624,0.172776862816319,0.194964610029249,0.187133522391557,0.267613877055389,0.158176490796242,0.200297361470318,0.167344943615172,0.210888733623735,0.199476971370242,0.176753862303068,0.196100194656992,0.197009164471633,0.186422443323562,0.168340447688629,0.18791658758674,0.217749407442875,0.176252294583242,0.160414974290517,0.194803461807289,0.173778553985597,0.195434302911528,0.15269756278622,0.182210597192831,0.19972848908023,0.202092342876341,0.207625805156566,0.193603607835497,0.168148588199349,0.157989314231046,0.180736555681599,0.208193323318901,0.168009171947658,0.149926813228984,0.192212251530091,0.181202882732979,0.188715136767603,0.181169167982304,0.180462221497014,0.163881984000451,0.168005248493071,0.196355253778608,0.156708617565926,0.146626963995051,0.135589065334213,0.210125617290879,0.193090190312787,0.157611765664598,0.192598998295575,0.20688162772121,0.184903720644658,0.175542320445563,0.21184591513144,0.165603163143975,0.138574709224901,0.172656136824339,0.194642238795145,0.147407941904328,0.156870890073802,0.156034939977402,0.182307395428079,0.213476425152718,0.180894959736122,0.157749905831598,0.179044040902655,0.208182617775388,0.142993067982277,0.197881167618515,0.194766355355268,0.170699411813243,0.25033049884977,0.18124817279556,0.239958285634427,0.179013944644404,0.186053642240794,0.182444896619628,0.192232573735221,0.153909517205358,0.174555315960467,0.176170569761658,0.183549352560613,0.209408690582822,0.172991854332246,0.187874927910015,0.179471478039516,0.189058861194482,0.170249336958001,0.207088344106017,0.206731722396414,0.162546518775665,0.204644153474025,0.208780689453995,0.18835254245727,0.183485961562914
"Genetta_maculata",0,0,0,0,0,0,0,0,0,0,0,0,0,0,0,0,0,0,0,0,0,0,0,0,0,0,0,0,0,0,0,0,0,0,0,0,0,0,0,0,0,0,0,0,0,0,0,0,0,0,0,0,0,0,0,0,0,0,0,0,0,0,0,0,0,0,0,0,0,0,0,0,0,0,0,0,0,0,0,0,0,0,0,0,0,0,0,0,0,0,0,0,0,0,0,0,0,0,0,0,0
"Genetta_pardina",0,0,0,0,0,0,0,0,0,0,0,0,0,0,0,0,0,0,0,0,0,0,0,0,0,0,0,0,0,0,0,0,0,0,0,0,0,0,0,0,0,0,0,0,0,0,0,0,0,0,0,0,0,0,0,0,0,0,0,0,0,0,0,0,0,0,0,0,0,0,0,0,0,0,0,0,0,0,0,0,0,0,0,0,0,0,0,0,0,0,0,0,0,0,0,0,0,0,0,0,0
"Genetta_tigrina",1.01082696773701,0.967159143780577,0.613765031052286,0.632816870395161,0.933390456849073,0.655989346904205,1.12726862809847,0.33722741067969,0.64810410090797,0.538878754967983,1.03532529906302,0.426993322317098,0.796071862816792,0.694415510565137,0.675766082313914,0.378618217640153,0.328703759978689,0.522408722156833,0.820090915451637,0.771023101174405,0.656686778762998,0.367796881971868,0.854145295121457,0.742723537432994,0.682393097816582,0.578466023778708,0.764758110822267,0.325498688381382,0.72180850545572,0.580927904553343,0.386308754127467,0.400297020416399,0.513157091277038,0.594143174253157,0.674617711018133,0.76968666036166,0.806980705726442,0.606409751017323,0.772227606525555,0.618781248494985,1.15098639493319,0.77254797143024,0.562310466241805,0.812825079289961,0.960119515896207,0.623150411549847,0.717421358167298,0.703273951358101,0.564723847315552,0.863352085302191,0.758129421847533,0.742632528165433,0.660401220157013,0.403886519190377,0.725323058698894,0.39022243070553,0.37473155165535,0.741588348944715,0.700761517441783,0.527510461870687,1.31857583267433,1.16050207937121,0.709493088352474,0.774734362762971,1.15007699797603,0.857058130570895,1.05362975418038,0.6947213681544,0.596116302389468,0.494950759796484,0.846319399427669,0.659447910382928,0.367260894766783,0.812622299573196,0.689810736495948,0.965205313855816,0.811322821169339,0.683571387155319,0.53156230958048,0.94192202953108,0.578728152244488,0.765552583696516,0.541568642777799,0.681466761922581,0.657374891592956,0.773141078769624,0.826230505061689,0.543397046516772,0.715295302653252,0.798215190812887,0.391138675111278,1.06783986711507,0.968413264440249,0.516331300819318,0.387670376324637,0.645784576428012,0.651728187528447,0.679619304339526,0.5734198127006,0.639538713357392,0.696099142047076
"Hemigalus_derbyanus",0,0,0,0,0,0,0,0,0,0,0,0,0,0,0,0,0,0,0,0,0,0,0,0,0,0,0,0,0,0,0,0,0,0,0,0,0,0,0,0,0,0,0,0,0,0,0,0,0,0,0,0,0,0,0,0,0,0,0,0,0,0,0,0,0,0,0,0,0,0,0,0,0,0,0,0,0,0,0,0,0,0,0,0,0,0,0,0,0,0,0,0,0,0,0,0,0,0,0,0,0
"Paguma_larvata",0.0551619870249201,0.0592265837281741,0.0547287440929489,0.0522131591743617,0.0569220678347759,0.0543098033232905,0.0522510401245421,0.0538078410131795,0.0510340780140675,0.0499481588123657,0.0549546025636658,0.0554393362304423,0.056544531988448,0.0576086577009716,0.0581127523408539,0.0568812715554758,0.0529340384708559,0.0500538504325557,0.0565369841966569,0.057703244689256,0.0580475497626936,0.0557171042006368,0.062343953099732,0.0566096396371774,0.0603122776683834,0.0577396342134084,0.0578097036302703,0.0599164728424667,0.0665463818558273,0.0538977680005,0.0512063079512796,0.0601461647972673,0.0555490964308992,0.0559463094380649,0.053688453103108,0.0522309537806717,0.0565790261244859,0.0608436976562667,0.0552331626640897,0.0578876998415716,0.0539788367352872,0.0572600799747986,0.052787170515163,0.0492736376072436,0.0544166957428024,0.0579282483450936,0.0535694589392254,0.0521771353178533,0.0567223178763012,0.064161778026178,0.057221469637694,0.0566090499719047,0.0588606462546309,0.0640475160715672,0.062494754343144,0.0545427660756856,0.0560677814599625,0.0580404375792065,0.058496838337699,0.0606061965120826,0.0500923678142646,0.0595382829924861,0.0513531714722797,0.0553577101666064,0.0525456778272344,0.0587898186364234,0.0496702836867373,0.0585754108670581,0.0612039977033016,0.0544730341345726,0.0610223327554173,0.0610935762330478,0.0665982037283127,0.0600572285214209,0.0565237700584234,0.0626973909740899,0.0581936414377749,0.0616617775127327,0.0574476184022969,0.0591905596290371,0.0590926128248371,0.0626201171191529,0.0646443416998175,0.0603086330529156,0.0548242638255411,0.0560645374677567,0.0533098457216913,0.0544125681629367,0.0542832820963434,0.0529057700539724,0.0597108002959893,0.056054644319377,0.0593261615852143,0.0548658190508096,0.0613073084505459,0.0633751353591197,0.0575168547495752,0.0602251094264986,0.0619827731387242,0.0565311353552707,0.0570333447364374
"Prionodon_linsang",0.0473181179079655,0.0512307719027184,0.0500682705933328,0.0447566679573189,0.0475139320923979,0.0492661511185077,0.0507685856169184,0.0498877102487119,0.0497216284871527,0.0485022105161088,0.0455621996117441,0.0496841528682623,0.0472159136547686,0.0498083809299562,0.0491692728408988,0.0500851924115443,0.0490562605664328,0.0473066581020951,0.0520896790475784,0.0479790274082336,0.048590150707519,0.0468054069382741,0.0460980511974107,0.0482827585096767,0.0484019198576916,0.0469783711320698,0.0477304675736141,0.0482386826843422,0.0501198704423894,0.0512803905898506,0.0511726494015708,0.0466257123464575,0.0472792147582111,0.0489339063463704,0.0510298109288579,0.0499803314943825,0.0504762611918515,0.0479807954013902,0.0501639269388936,0.0497247375250087,0.0524072854166388,0.0498078611921521,0.0497275996691591,0.0477671587973522,0.0479434673660416,0.0506468732643782,0.0503758783535013,0.047928879295651,0.0512022270083234,0.0498207772237172,0.0475418871385459,0.0498737607882241,0.0491582340654379,0.0488605046225614,0.0515152635232487,0.0481945362848192,0.0516342045001542,0.0487367554795989,0.0513794535466556,0.0492731641624528,0.0513040304592639,0.0483209158209691,0.0494481744401745,0.0496817560607854,0.0517998022597495,0.0488984188672184,0.0491937621971798,0.053487517167504,0.0478674546391995,0.0463805994734072,0.0498528456122796,0.0476673141764631,0.0503154350043638,0.049115931647941,0.0510295648419232,0.048822310665337,0.0522846797251561,0.0483201558253495,0.0456621723873669,0.0499935795763193,0.048016718653539,0.0492339165613802,0.0476994620976292,0.0491938892510045,0.0456058053962266,0.0486643142222084,0.0506013822438344,0.0497650269585003,0.0480257329575796,0.048975407532956,0.0465820827655866,0.0474602129735626,0.0482297162134195,0.0490149213911632,0.0477408675353443,0.0486683630153354,0.049174582502034,0.0488387273960705,0.048598794693343,0.0502439507146853,0.0490646026747045
"Viverricula_indica",0.0797562044302474,0.0777431596227217,0.119455673932878,0.108554763053155,0.0747285383068888,0.114265699281349,0.11270887632292,0.12036014644898,0.075690131266391,0.0745339902105095,0.0765380024474282,0.119543053838426,0.0796617403242067,0.116773251464087,0.0802889760907013,0.113265945378831,0.0764592866461229,0.108139587437359,0.0765961381018761,0.0754917447438539,0.116493141723734,0.0730021643709958,0.116096707949709,0.0785972219303274,0.0776250522189564,0.0726379465322229,0.113496719665179,0.0726010129566241,0.116335785721827,0.112896200744605,0.106476859594132,0.074969880860214,0.117073006240553,0.116275793324946,0.0785313691597413,0.0725567511611485,0.107538225253884,0.116944278751463,0.114338597533883,0.113741509909993,0.117948326609965,0.0717976240305617,0.07787652217614,0.075064302896836,0.111115296464865,0.0794875817175708,0.118309489903189,0.110285947563885,0.0752789187423335,0.115890871287286,0.121236579143501,0.112715075855075,0.0798331901338094,0.07853103303895,0.116195742107795,0.0759651649644978,0.111189433756844,0.0753992067511617,0.075424724162137,0.070603591167424,0.0760276727034411,0.0743427183713096,0.114773156963402,0.117274622204305,0.110437861462002,0.11454343921967,0.11623384217437,0.119466438978744,0.0768785642335351,0.0800355421866426,0.0761052557091119,0.0771715366238976,0.117085635487168,0.109280624230159,0.109512956106943,0.0769559045356756,0.0733185159002292,0.0776018664247664,0.112424862235287,0.0769712313086385,0.112604437805144,0.0754921180139782,0.0753099635693295,0.123903648899048,0.0750296883085244,0.116523081750635,0.117634119081701,0.0794686819256629,0.0787730871223312,0.0719522010000032,0.0770917833913356,0.0722864463243503,0.113091216851967,0.110272715820732,0.073674081124201,0.0754573697535585,0.112994184301294,0.114431227202731,0.0720686569212744,0.12168834794648,0.0949512106160048
"Arctocephalus_forsteri",0,0,0,0,0,0,0,0,0,0,0,0,0,0,0,0,0,0,0,0,0,0,0,0,0,0,0,0,0,0,0,0,0,0,0,0,0,0,0,0,0,0,0,0,0,0,0,0,0,0,0,0,0,0,0,0,0,0,0,0,0,0,0,0,0,0,0,0,0,0,0,0,0,0,0,0,0,0,0,0,0,0,0,0,0,0,0,0,0,0,0,0,0,0,0,0,0,0,0,0,0
"Arctocephalus_pusillus",0,0,0,0,0,0,0,0,0,0,0,0,0,0,0,0,0,0,0,0,0,0,0,0,0,0,0,0,0,0,0,0,0,0,0,0,0,0,0,0,0,0,0,0,0,0,0,0,0,0,0,0,0,0,0,0,0,0,0,0,0,0,0,0,0,0,0,0,0,0,0,0,0,0,0,0,0,0,0,0,0,0,0,0,0,0,0,0,0,0,0,0,0,0,0,0,0,0,0,0,0
"Callorhinus_ursinus",0,0,0,0,0,0,0,0,0,0,0,0,0,0,0,0,0,0,0,0,0,0,0,0,0,0,0,0,0,0,0,0,0,0,0,0,0,0,0,0,0,0,0,0,0,0,0,0,0,0,0,0,0,0,0,0,0,0,0,0,0,0,0,0,0,0,0,0,0,0,0,0,0,0,0,0,0,0,0,0,0,0,0,0,0,0,0,0,0,0,0,0,0,0,0,0,0,0,0,0,0
"Eumetopias_jubatus",0,0,0,0,0,0,0,0,0,0,0,0,0,0,0,0,0,0,0,0,0,0,0,0,0,0,0,0,0,0,0,0,0,0,0,0,0,0,0,0,0,0,0,0,0,0,0,0,0,0,0,0,0,0,0,0,0,0,0,0,0,0,0,0,0,0,0,0,0,0,0,0,0,0,0,0,0,0,0,0,0,0,0,0,0,0,0,0,0,0,0,0,0,0,0,0,0,0,0,0,0
"Phocarctos_hookeri",0,0,0,0,0,0,0,0,0,0,0,0,0,0,0,0,0,0,0,0,0,0,0,0,0,0,0,0,0,0,0,0,0,0,0,0,0,0,0,0,0,0,0,0,0,0,0,0,0,0,0,0,0,0,0,0,0,0,0,0,0,0,0,0,0,0,0,0,0,0,0,0,0,0,0,0,0,0,0,0,0,0,0,0,0,0,0,0,0,0,0,0,0,0,0,0,0,0,0,0,0
"Zalophus_californianus",0,0,0,0,0,0,0,0,0,0,0,0,0,0,0,0,0,0,0,0,0,0,0,0,0,0,0,0,0,0,0,0,0,0,0,0,0,0,0,0,0,0,0,0,0,0,0,0,0,0,0,0,0,0,0,0,0,0,0,0,0,0,0,0,0,0,0,0,0,0,0,0,0,0,0,0,0,0,0,0,0,0,0,0,0,0,0,0,0,0,0,0,0,0,0,0,0,0,0,0,0
"Atelocynus_microtis",1.14799857297393,1.10469210007847,1.15684155783951,1.02857254536446,0,1.18463177213006,1.17808749418278,0,1.13081656684097,0,1.19473884817715,0,1.28807164087868,0,1.22229830651799,1.30495888698668,1.17834639258523,1.15628665988182,1.08681916009683,1.10631652637531,1.25866283426788,0,1.03401786642606,1.24483729693524,0.968813672643981,1.08132865012308,1.21511793010878,1.07802247541514,1.21993553567651,1.16084972407234,0,1.15423511642891,0,1.12181691484715,0,0,1.18198217854996,0,1.12645735411306,1.36015991859238,1.11031449446901,0,1.06291606900032,1.13997109802341,1.11347766350775,1.20380933407094,1.22808331829012,1.18432327104652,1.23719035417384,1.27716476267664,1.13133298986135,1.10081199581499,0,1.24905028794211,1.22667920957526,0,0,1.1393113886513,1.20703095536673,0,1.2326334781332,1.07508584709058,0,1.12244755445978,1.18471738265325,1.16684442674597,1.21762248800106,0,1.11832958367621,1.08642006919998,0,1.19928035211036,0,0,0,0,1.28415898550918,1.16812877478511,1.1893148780517,1.35746125207279,1.28973106108417,1.03872721268706,1.21247229863213,0,1.15769526803723,1.11739369135976,0,1.14318783245428,0,1.34602233550105,1.12871509529995,0,1.15512686380429,1.21366874204008,1.10324740868937,1.07195561641385,1.1825693221184,1.25892243758995,1.0538785452516,0,0.84162940495033
"Canis_latrans",5.64199244694614,4.84721693382996,5.61079854289227,4.62549024427495,4.61874030826153,4.65986916036563,5.10643860635077,4.99506487613704,4.93405025080447,5.10069537782389,4.74914990258612,4.79078291739165,5.48462262620688,5.38522536536684,5.09453028263161,5.00861607196596,5.07847384799925,4.98978590789488,4.99990750212491,4.83370133945781,5.41077230607844,5.13359276825251,5.05346566710812,5.32693249085401,5.68791006273492,5.01430707127119,5.52036324005899,5.40549306165796,5.39809026416505,4.98222094504512,5.66432314688229,5.6062579299114,0,5.14651881720539,5.18306588693968,5.19021488839895,5.31059407813575,5.25390825122872,5.34433411086255,5.20684585700046,5.41806023699538,4.79847715518547,4.88813741938218,5.79961966060154,5.44909239879216,5.2523918733162,5.68120809691271,4.68540657542141,6.11342793038141,4.98785208659029,5.46486908881421,5.50096913287178,5.48063376913622,4.67390295917902,4.92485653881741,4.8489409429383,4.98578303917862,5.7499964780687,5.2354664110484,5.39835690157328,4.97418151106392,5.44503199399298,5.05512998339073,5.36310643990978,4.94843361063855,5.66704522510671,5.62070736026507,4.78235616606554,5.54156771567154,5.19433298320807,5.6828078303327,4.80328737010301,5.80048758960068,4.45158577721246,5.09802482152635,5.45246013661035,4.62615679985218,5.12088226685882,5.16755406508954,5.49102382298606,5.07975210806259,4.94577819685007,4.90548479822066,5.67350456299653,5.61545530502296,5.85275350124425,5.0177225962912,5.37771309010858,5.20537142229546,5.18402377199339,4.55950923260337,5.05779031188857,5.01115106352222,5.23143201335554,5.58490890563857,5.4389209178484,5.24666128734127,4.65451945669557,5.758050185431,4.62252143253168,5.15040999679736
"Canis_lupus",5.64199244694614,4.84721693382996,5.61079854289227,4.62549024427495,4.61874030826153,4.65986916036563,5.10643860635077,4.99506487613704,4.93405025080447,5.10069537782389,4.74914990258612,4.79078291739165,5.48462262620688,5.38522536536684,5.09453028263161,5.00861607196596,5.07847384799925,4.98978590789488,4.99990750212491,4.83370133945781,5.41077230607844,5.13359276825251,5.05346566710812,5.32693249085401,5.68791006273492,5.01430707127119,5.52036324005899,5.40549306165796,5.39809026416505,4.98222094504512,5.66432314688229,5.6062579299114,0,5.14651881720539,5.18306588693968,5.19021488839895,5.31059407813575,5.25390825122872,5.34433411086255,5.20684585700046,5.41806023699538,4.79847715518547,4.88813741938218,5.79961966060154,5.44909239879216,5.2523918733162,5.68120809691271,4.68540657542141,6.11342793038141,4.98785208659029,5.46486908881421,5.50096913287178,5.48063376913622,4.67390295917902,4.92485653881741,4.8489409429383,4.98578303917862,5.7499964780687,5.2354664110484,5.39835690157328,4.97418151106392,5.44503199399298,5.05512998339073,5.36310643990978,4.94843361063855,5.66704522510671,5.62070736026507,4.78235616606554,5.54156771567154,5.19433298320807,5.6828078303327,4.80328737010301,5.80048758960068,4.45158577721246,5.09802482152635,5.45246013661035,4.62615679985218,5.12088226685882,5.16755406508954,5.49102382298606,5.07975210806259,4.94577819685007,4.90548479822066,5.67350456299653,5.61545530502296,5.85275350124425,5.0177225962912,5.37771309010858,5.20537142229546,5.18402377199339,4.55950923260337,5.05779031188857,5.01115106352222,5.23143201335554,5.58490890563857,5.4389209178484,5.24666128734127,4.65451945669557,5.758050185431,4.62252143253168,5.15040999679736
"Chrysocyon_brachyurus",2.55207577777214,2.63476694251384,2.7102849464139,2.29491298763701,2.23189533516929,2.69254647861288,2.90779089010946,2.09154724249401,2.37228491989259,0.12450451870718,2.18278228184695,0.148432566944273,2.37734703583642,2.5633660720394,2.15807685817537,2.3121207215736,2.94967070025222,2.72024810955082,2.69604389600204,1.96771945816044,2.56862903623651,0.12819469184377,2.42949478264159,2.33673020109233,2.23114916791527,2.7890006512135,2.00099059514833,2.51869668329558,2.14919703171456,2.64099067727573,2.74046617057391,3.1251161637059,0.119493015049118,1.93906260953014,2.09550125587383,0.129323461123499,2.4972986457846,0.120435944449476,2.484661465478,2.79455902290393,2.6012716111491,2.17649794687356,2.65942556405171,2.24320709736452,2.40069008463854,2.99011013207175,2.8339411889202,2.58001089037151,2.27806628668575,2.6723331380413,2.39096356700408,2.41290033036594,0.118363422053405,2.28521614188692,3.55381181834462,0.137721299194094,2.40988703084004,2.27940926926633,2.58135689697784,0.151281078425676,2.30345330006544,2.33278476036005,0.105280490423034,2.46612325428324,2.18386863655067,2.89682147018681,2.89598387993361,0.1183621752595,2.35789582362101,2.44462254451678,2.33065492016043,2.56101793729786,0.128433542320934,2.23971742750584,2.69676751267329,2.16557286307577,2.24188658218624,2.88268124541414,2.30888114788017,2.11879291274342,2.39404311660796,2.70624661548085,2.43850382144665,2.25525873020356,2.7378058128319,2.6530291657164,0.122946652581517,2.81133750257343,2.45284787258192,2.20501050243382,2.69793353917692,0.146022663885917,2.46750747211291,2.89473832548969,1.95799099331158,2.50531059914646,2.64581467623943,2.48089709247574,3.16436248330082,0.136280201914412,2.1393736407305
"Cuon_alpinus",2.5506023566353,2.60909336886779,2.4228034259939,2.94230839409571,2.42953527641412,2.52436708442895,2.20188124268123,2.51183860945887,2.32172193763689,2.31989979836657,2.42306642864472,2.36211116979156,2.51134184750722,2.61216301453445,2.34787887422443,2.1732662597319,2.62190137134808,2.60317623935138,2.13919461322758,2.31600444802169,2.55713273807225,2.4439614899132,3.02821493844825,2.49664949644086,2.52012286605236,2.39964763485968,2.73703997880133,2.43269463826152,2.7378208042211,2.57640356991172,2.4630814874116,3.17496804385642,0,3.28615510013621,2.55336370551695,2.55903862036968,2.59619250204743,2.4859830950471,2.39988662895621,2.38718919599185,2.35446104998776,2.33547621065307,2.93141399986956,2.3520565272893,2.65753678751336,2.37755276295654,2.32479907288973,2.40293494441176,2.74557296948367,2.81020796799904,2.48244877691931,2.51522686896901,2.51458237762667,2.96348146230733,2.4933483700046,2.60319487495934,2.32588998059121,2.36391251068961,2.51238637877304,2.55433811549435,2.30864213698212,2.45911566471984,2.32893668968582,2.61402029794984,2.36991899785528,2.59387156348337,2.75553259276555,2.53965383765382,3.21638038196809,2.32971800038968,2.64330338920994,2.353759176153,2.38585730683837,3.6021951779128,2.64295198696922,2.46245889107268,2.5683677009521,2.40924697908834,2.30725960879214,2.41387563384542,2.47361732528633,2.9028941272743,2.26446788246489,3.37060492058365,2.63280666655286,2.6778239092042,2.361059332375,2.50182445552845,2.90679549213408,2.66875113912745,2.21579518484787,2.46595563300536,2.41597627070718,2.3881153053545,3.17917310960121,3.20325450673952,2.49088088500532,2.34858551704852,2.71276375705793,2.34567730417625,2.53232413043029
"Lycaon_pictus",0,0,0,0,0,0,0,0,0,0,0,0,0,0,0,0,0,0,0,0,0,0,0,0,0,0,0,0,0,0,0,0,1.73706376659947,0,0,0,0,0,0,0,0,0,0,0,0,0,0,0,0,0,0,0,0,0,0,0,0,0,0,0,0,0,0,0,0,0,0,0,0,0,0,0,0,0,0,0,0,0,0,0,0,0,0,0,0,0,0,0,0,0,0,0,0,0,0,0,0,0,0,0,0.0173706376659947
"Nyctereutes_procyonoides",0,0,0,0,0,0,0,0,0,0,0,0,0,0,0,0,0,0,0,0,0,0,0,0,0,0,0,0,0,0,0,0,0,0,0,0,0,0,0,0,0,0,0,0,0,0,0,0,0,0,0,0,0,0,0,0,0,0,0,0,0,0,0,0,0,0,0,0,0,0,0,0,0,0,0,0,0,0,0,0,0,0,0,0,0,0,0,0,0,0,0,0,0,0,0,0,0,0,0,0,0
"Otocyon_megalotis",0.684783967651629,0.513971827299544,0.620879253470173,0.591461682848029,0.570396317119899,0.562580920211921,0.569073431309554,0.545162219490586,0.570325897844492,0.563062978479077,0.604262564826988,0.615313125413022,0.552580055184133,0.577510138278098,0.670107276749464,0.589040986772147,0.587062573383009,0.535169406769708,0.549852848383917,0.556262420925752,0.546743129542019,0.575555380228016,0.537716646527244,0.5290830796595,0.562059394682171,0.566098297680454,0.616373966666043,0.558662505338491,0.668144463096756,0.562863800004143,0.580604713770611,0.585269857918274,0.507248685113341,0.610163245008601,0.551799903162641,0.55638865485023,0.601798301185858,0.542712407112086,0.576614166981914,0.606941026154896,0.582623442325341,0.588216309702743,0.589665197509765,0.528029420899889,0.584472505874835,0.594793746637981,0.665913130572744,0.647311561918017,0.553904018877372,0.582947797531831,0.599088498753522,0.57328376134697,0.594209028879087,0.520087242963634,0.509336736565961,0.542952482244958,0.595071286426116,0.675274075819396,0.660791705177671,0.599144014881695,0.547765118336913,0.599432768673169,0.587057633475057,0.559264035350723,0.599983416453146,0.584060293648097,0.638526791022461,0.653337137093869,0.555016737134313,0.576686136471492,0.566815984901545,0.596263255461381,0.558476096026786,0.613278459992503,0.499118257685833,0.583694403406078,0.58535445486408,0.672398669220092,0.526703628200752,0.544328695632804,0.599554027791846,0.5276455859015,0.566312279732653,0.555860661212955,0.591779402946545,0.521675059644637,0.52873116326811,0.550898079541095,0.595775924859426,0.575091520982925,0.603082329627914,0.537028951696586,0.584049332324458,0.520168059986705,0.658475957367638,0.551474785142782,0.611404559750136,0.620175038245465,0.621676105046465,0.571045394615837,0.579982836747407
"Speothos_venaticus",2.41775599999466,2.49609499817101,2.56763837028685,2.17412809355085,2.11442715963407,2.55083350605431,2.75474926431423,1.98146580867853,2.24742781884561,0,2.067899003855,0,2.2522235076345,2.42845206824785,2.04449386563983,2.19043015728025,2.79442487392315,2.57707715641656,2.55414684884404,1.864155276152,2.43343803432933,0,2.30162663618677,2.21374440103484,2.11372026434078,2.6422111432549,1.89567530066684,2.38613369996423,2.03608139846643,2.50199116794543,2.59623110896475,2.96063636561611,0,1.83700668271277,1.985211716091,0,2.36586187495383,0,2.35388980940021,2.64747696906689,2.46436257898336,2.0619454233539,2.51945579752267,2.12514356592428,2.27433797492072,2.83273591459429,2.68478638950335,2.44422084350985,2.15816806107071,2.53168402551281,2.26512337926703,2.28590557613615,0,2.1649416081034,3.36676909106332,0,2.28305087132215,2.15944036035758,2.44549600766322,0,2.18221891585147,2.21000661507794,0,2.33632729353149,2.06892818199538,2.74435718228224,2.74356367572657,0,2.23379604343043,2.31595820006853,2.20798887173094,2.42622751954534,0,2.12183756290027,2.55483238042733,2.05159534396652,2.12389255154486,2.73096117986603,2.18736108746543,2.00727749628324,2.2680408473128,2.56381258308712,2.31016151505472,2.13656090229811,2.59371077005127,2.51339605173132,0,2.66337237085903,2.32375061613024,2.0889573180952,2.55593703711497,0,2.33763865779118,2.74238367677971,1.85493883576886,2.3734521465598,2.50656127222682,2.35032356129281,2.99781708944289,0,2.00844273172618
"Urocyon_cinereoargenteus",0.849152333494977,0.905728539127342,0.949155373936126,0.849070140929857,0.936522191249469,0.90683594981755,0.906082773014445,0.920929760143117,0.84416818177435,0.893056998578408,0.916903522611027,0.940752104516003,0.856890581448888,0.954943448887766,0.9475039499237,0.840496363712057,0.852803393002274,0.863042971059522,0.878976930903742,0.879821421188309,0.77825822262395,0.92528575297534,0.946378210693295,0.926844372267881,0.920223643237594,0.78276284655988,0.881800389477969,0.859597780627298,0.928791542484275,0.964187261584762,0.901032866943521,0.92067206671978,0.959598306547292,1.0044514417176,0.833609814118155,0.873831414371598,0.842436562424026,0.88909628813094,0.83620450106786,1.12253054278375,0.93479797495498,0.869602000059076,0.967535186393958,1.00111345262614,1.00951991716854,0.998631518363321,0.995004225877619,0.945602206605586,0.903409577359465,0.893049763546466,0.854064060964245,0.965117949000593,0.876948414737101,1.08653969966663,0.858746452062339,1.09197565347403,0.929328238555217,0.922207575352693,0.994181199185084,0.922675082937252,1.11311719583496,0.840472950858238,0.951857236623459,0.923687267027605,0.885358416573611,0.922317845278353,0.837308254849788,0.885390668380433,0.828577348590387,0.858498636837983,0.900455019344746,0.980125299212463,0.858204035168828,0.875027454028302,0.907842154597587,0.970130311449277,0.959122145599087,1.02412269816595,0.947290906984864,0.835734976921011,1.01474408651389,0.982419738854623,0.951106598753656,0.947694057149421,0.904181322137658,0.881432751377259,0.79244559358862,0.898462794322849,0.982103754732434,0.945347502584649,1.07710784256496,1.13218689576513,1.00504078193814,0.722567592326953,0.794198628509476,0.989331193597853,0.933798053512965,0.826346378038003,0.953118354591567,0.852613253622618,0.919013689023757
"Vulpes_corsac",0,0,0,0,0,0,0,0,0,0,0,0,0,0,0,0,0,0,0,0,0,0,0,0,0,0,0,0,0,0,0,0,0,0,0,0,0,0,0,0,0,0,0,0,0,0,0,0,0,0,0,0,0,0,0,0,0,0,0,0,0,0,0,0,0,0,0,0,0,0,0,0,0,0,0,0,0,0,0,0,0,0,0,0,0,0,0,0,0,0,0,0,0,0,0,0,0,0,0,0,0
"Vulpes_macrotis",1.0124893453961,0.987339347513505,0.88504973975409,0.783990027962553,1.08489084908985,1.09746268189902,0.971302722282524,0.89396353676373,0.970024308810178,0.936818172048749,0.896975335109567,0.956790781610416,0.920358366481684,1.08659426738554,1.07367940887448,0.928327912980943,0.959853575667802,0.961536876566692,1.0130455666045,0.936756616713003,0.97967770567565,0.940187425022115,0.965092467567317,1.03498301745956,1.04463392448766,1.04919385188185,0.964947190473746,0.973158617072032,1.05042789180638,1.09012855879753,0.985229024187448,0.940031496380944,1.01958699438298,0.969380456475209,0.895892779588569,1.0999008518112,0.940565908986159,1.06913990290969,1.06980394315477,1.01910917044154,1.04683369441708,0.938704475140304,1.02105562569304,1.00173643855061,1.05388197430986,0.894299200271955,1.02861216995156,1.04590819798067,1.12296318536926,1.05511753107091,0.906175964581416,1.1312270209731,1.00461203032673,0.977840595458521,0.999176393143247,1.12188152993757,1.03465778400145,0.983891586432573,1.12464505395427,1.09896010116293,1.07919419962919,0.993368978263724,0.875601428714007,1.0268075994541,0.928764554688836,0.916226528896059,0.961747192345817,0.983564773202462,1.04880289631914,0.942949151593509,1.03474511494518,0.880114787118197,0.893605993809011,0.965048560577722,1.02229344529632,0.934053550865101,0.986112159839132,1.21007675858513,0.956648254416688,0.869513911093429,0.996091762868768,0.942325886424755,1.03821075351598,0.925575896581966,0.989192366772316,0.898867285927499,0.922731274049005,1.00065314064253,1.00488445620708,1.02377842389143,0.959678425429804,1.02193406274809,1.04026973299786,0.853702158659322,0.935507577686419,1.1282803137745,1.01496095958259,0.960261498417051,0.90748442597338,0.8474581403295,0.989715895529369
"Vulpes_vulpes",0.238599307556717,0,0.20331033960094,0,0.272489141975576,0.210199245767918,0,0.197661310902783,0.183532003676826,0.255491208671621,0,0.259429079624615,0.192978515320355,0.228156522682495,0,0,0.17416517407889,0,0,0,0,0.229357745544849,0,0,0,0,0.224335009353481,0,0,0.237928065285882,0.217972675395411,0,0.305949525058461,0.211943391628871,0.199125520376272,0.259919975858055,0,0.220932077096262,0,0,0,0.224010021304868,0,0,0,0,0.243879835530398,0,0,0.201128491756563,0,0,0.23379677308563,0,0,0.221470256886564,0.254134449843531,0,0.233076110531099,0.289186423163619,0,0,0.263867559621185,0,0.190899223160547,0.220491316409584,0.179448966048283,0.230193410814903,0,0.191206819051262,0.222112103987639,0,0.197218936878271,0.278532213223745,0.210203708396513,0.186760614721922,0,0.245672901762666,0.246629925393823,0,0,0,0,0.234022248035035,0,0.176406760121658,0.279339986679482,0,0.235219788212904,0,0.235942543291796,0.230993934553757,0,0.14640752534788,0.185732062923737,0,0,0,0,0.203687352133366,0.112151480983285
"Atilax_paludinosus",0,0,0,0,0,0,0,0,0,0,0,0,0,0,0,0,0,0,0,0,0,0,0,0,0,0,0,0,0,0,0,0,0,0,0,0,0,0,0,0,0,0,0,0,0,0,0,0,0,0,0,0,0,0,0,0,0,0,0,0,0,0,0,0,0,0,0,0,0,0,0,0,0,0,0,0,0,0,0,0,0,0,0,0,0,0,0,0,0,0,0,0,0,0,0,0,0,0,0,0,0
"Helogale_parvula",0,0,0,0,0,0,0,0,0,0,0,0,0,0,0,0,0,0,0,0,0,0,0,0,0,0,0,0,0,0,0,0,0,0,0,0,0,0,0,0,0,0,0,0,0,0,0,0,0,0,0,0,0,0,0,0,0,0,0,0,0,0,0,0,0,0,0,0,0,0,0,0,0,0,0,0,0,0,0,0,0,0,0,0,0,0,0,0,0,0,0,0,0,0,0,0,0,0,0,0,0
"Herpestes_javanicus",0,0,0,0,0,0,0,0,0,0,0,0,0,0,0,0,0,0,0,0,0,0,0,0,0,0,0,0,0,0,0,0,0,0,0,0,0,0,0,0,0,0,0,0,0,0,0,0,0,0,0,0,0,0,0,0,0,0,0,0,0,0,0,0,0,0,0,0,0,0,0,0,0,0,0,0,0,0,0,0,0,0,0,0,0,0,0,0,0,0,0,0,0,0,0,0,0,0,0,0,0
"Suricata_suricatta",0,0,0,0,0,0,0,0,0,0,0,0,0,0,0,0,0,0,0,0,0,0,0,0,0,0,0,0,0,0,0,0,0,0,0,0,0,0,0,0,0,0,0,0,0,0,0,0,0,0,0,0,0,0,0,0,0,0,0,0,0,0,0,0,0,0,0,0,0,0,0,0,0,0,0,0,0,0,0,0,0,0,0,0,0,0,0,0,0,0,0,0,0,0,0,0,0,0,0,0,0
"Bassariscus_astutus",0,0,0,0,0,0,0,0,0,0,0,0,0,0,0,0,0,0,0,0,0,0,0,0,0,0,0,0,0,0,0,0,0,0,0,0,0,0,0,0,0,0,0,0,0,0,0,0,0,0,0,0,0,0,0,0,0,0,0,0,0,0,0,0,0,0,0,0,0,0,0,0,0,0,0,0,0,0,0,0,0,0,0,0,0,0,0,0,0,0,0,0,0,0,0,0,0,0,0,0,0
"Nasua_nasua",0,0,0,0,0,0,0,0,0,0,0,0,0,0,0,0,0,0,0,0,0,0,0,0,0,0,0,0,0,0,0,0,0,0,0,0,0,0,0,0,0,0,0,0,0,0,0,0,0,0,0,0,0,0,0,0,0,0,0,0,0,0,0,0,0,0,0,0,0,0,0,0,0,0,0,0,0,0,0,0,0,0,0,0,0,0,0,0,0,0,0,0,0,0,0,0,0,0,0,0,0
"Potos_flavus",0,0,0,0,0,0,0,0,0,0,0,0,0,0,0,0,0,0,0,0,0,0,0,0,0,0,0,0,0,0,0,0,0,0,0,0,0,0,0,0,0,0,0,0,0,0,0,0,0,0,0,0,0,0,0,0,0,0,0,0,0,0,0,0,0,0,0,0,0,0,0,0,0,0,0,0,0,0,0,0,0,0,0,0,0,0,0,0,0,0,0,0,0,0,0,0,0,0,0,0,0
"Procyon_lotor",0,0,0,0,0,0,0,0,0,0,0,0,0,0,0,0,0,0,0,0,0,0,0,0,0,0,0,0,0,0,0,0,0,0,0,0,0,0,0,0,0,0,0,0,0,0,0,0,0,0,0,0,0,0,0,0,0,0,0,0,0,0,0,0,0,0,0,0,0,0,0,0,0,0,0,0,0,0,0,0,0,0,0,0,0,0,0,0,0,0,0,0,0,0,0,0,0,0,0,0,0
"Mephitis_macroura",0,0,0,0,0,0,0,0,0,0,0,0,0,0,0,0,0,0,0,0,0,0,0,0,0,0,0,0,0,0,0,0,0,0,0,0,0,0,0,0,0,0,0,0,0,0,0,0,0,0,0,0,0,0,0,0,0,0,0,0,0,0,0,0,0,0,0,0,0,0,0,0,0,0,0,0,0,0,0,0,0,0,0,0,0,0,0,0,0,0,0,0,0,0,0,0,0,0,0,0,0
"Mephitis_mephitis",0,0,0,0,0,0,0,0,0,0,0,0,0,0,0,0,0,0,0,0,0,0,0,0,0,0,0,0,0,0,0,0,0,0,0,0,0,0,0,0,0,0,0,0,0,0,0,0,0,0,0,0,0,0,0,0,0,0,0,0,0,0,0,0,0,0,0,0,0,0,0,0,0,0,0,0,0,0,0,0,0,0,0,0,0,0,0,0,0,0,0,0,0,0,0,0,0,0,0,0,0
"Spilogale_gracilis",0,0,0,0,0,0,0,0,0,0,0,0,0,0,0,0,0,0,0,0,0,0,0,0,0,0,0,0,0,0,0,0,0,0,0,0,0,0,0,0,0,0,0,0,0,0,0,0,0,0,0,0,0,0,0,0,0,0,0,0,0,0,0,0,0,0,0,0,0,0,0,0,0,0,0,0,0,0,0,0,0,0,0,0,0,0,0,0,0,0,0,0,0,0,0,0,0,0,0,0,0
"Spilogale_putorius",0.642359772850296,0.484266191450793,0.788465382196475,0.524066853068117,0.664785987107373,0.61554768821293,0.664848748595235,0.649304692118913,0.498160666303299,0.48171088288505,0.490999608965666,1.25750020278171,0.501789003246632,0.707905463394805,0.534917402071163,0.583004543064563,0.576017455589593,0.374002069001273,0.570115676478364,0.516364227876588,0.401557883934032,0.647856163028255,0.460168716230698,0.792034038348145,0.456343551841624,0.391337968870108,0.445829289282839,0.492738512567417,0.434254328837391,0.458119620567373,0.442013761682483,0.421273556273481,0.540426320690602,0.468239984252717,0.598195244986889,0.509404498549569,0.515727230790253,0.425646205452536,0.460515514878478,0.634288963685872,0.52208388740259,0.59332039901005,0.447295706101233,0.515786949061064,0.445491349127163,0.474799426874892,0.474189396938351,0.643458201709042,0.507612795987389,0.564899303870457,0.448052160425774,0.541252506986914,0.584507853169357,0.574069290190303,0.659804480135627,0.547602391325917,0.334363395501572,0.393372692881668,0.51798334582184,0.66361250079933,0.539954179481258,0.5537409771483,0.321469398053239,0.563449959014726,0.669299467730701,0.526677811199878,0.413581349815963,0.554457268083268,0.515887397244678,0.597871219679163,0.592519734662264,0.523091617936681,0.404926661741295,0.562751426835255,0.52886925377216,0.418215370437097,0.544034713760841,0.329547980452097,0.430915980846682,0.495561135046135,0.458651742742429,0.62877283350199,0.507697454991305,0.706386047690778,0.459069269187302,0.575531618518502,0.383500136722643,0.719657184130143,0.678064248617987,0.823424110432942,0.5304128097235,0.36590952667442,0.403533989261908,0.429447562985505,0.561554517649918,0.602575528312562,0.497884860622488,0.64677509854217,0.780055539995049,0.514057678325901,0.539354465669013
"Crocuta_crocuta",0,0,0,0,0,0,0,0,0,0,0,0,0,0,0,0,0,0,0,0,0,0,0,0,0,0,0,0,0,0,0,0,0,0,0,0,0,0,0,0,0,0,0,0,0,0,0,0,0,0,0,0,0,0,0,0,0,0,0,0,0,0,0,0,0,0,0,0,0,0,0,0,0,0,0,0,0,0,0,0,0,0,0,0,0,0,0,0,0,0,0,0,0,0,0,0,0,0,0,0,0
"Cryptoprocta_ferox",0,0,0,0,0,0,0,0,0,0,0,0,0,0,0,0,0,0,0,0,0,0,0,0,0,0,0,0,0,0,0,0,0,0,0,0,0,0,0,0,0,0,0,0,0,0,0,0,0,0,0,0,0,0,0,0,0,0,0,0,0,0,0,0,0,0,0,0,0,0,0,0,0,0,0,0,0,0,0,0,0,0,0,0,0,0,0,0,0,0,0,0,0,0,0,0,0,0,0,0,0
"Fossa_fossana",0,0,0,0,0,0,0,0,0,0,0,0,0,0,0,0,0,0,0,0,0,0,0,0,0,0,0,0,0,0,0,0,0,0,0,0,0,0,0,0,0,0,0,0,0,0,0,0,0,0,0,0,0,0,0,0,0,0,0,0,0,0,0,0,0,0,0,0,0,0,0,0,0,0,0,0,0,0,0,0,0,0,0,0,0,0,0,0,0,0,0,0,0,0,0,0,0,0,0,0,0
"Galidia_elegans",0.0493364615931141,0.0501176888655779,0.0502270766182811,0.0490666059525948,0.0495151133494112,0.0512484664559521,0.0506580890950689,0.0500638338949721,0.0517146750282174,0.0459177069223525,0.0493975767978007,0.0483358148076861,0.0511369325438401,0.0506543837148827,0.0503264323349825,0.0520789663050335,0.0447137563877509,0.0485391228821694,0.0480618736982556,0.0495212287675987,0.0508006409577987,0.045144643887861,0.0482020885996773,0.0485232341915093,0.0464339687139746,0.0490807591082876,0.0511249926857793,0.0486737332538631,0.0484328110950171,0.0454414417933677,0.0476377193298511,0.0470951078229409,0.0455657320596677,0.0502309922458666,0.0492519587787057,0.0504389958050089,0.0440596043594842,0.0485393561186406,0.0521385621983786,0.0495144979644856,0.0508250093301405,0.0477187457075068,0.0489991458997238,0.0510138908722568,0.0473861492174893,0.0490261158243527,0.0507313404595677,0.0468925854491297,0.0498022353210487,0.0502866236976393,0.0512083663775005,0.0466970783026895,0.054481979077933,0.0476685161937488,0.0504818059222671,0.0468671709822123,0.0484777149136915,0.0523345719834557,0.0490592327982967,0.0472595554367801,0.049398264920432,0.0470265400802036,0.0496392566258689,0.0489137503325511,0.0451699603256626,0.0468121093997942,0.0533291409570557,0.0521006025201848,0.0483292575587884,0.0470970729943875,0.0475739113125415,0.0492483446729356,0.0476519524195619,0.0471524649948661,0.0437707024524428,0.0489846126627809,0.050779057367721,0.047827829753746,0.0506471926086445,0.0484142095201079,0.0514258432226376,0.045663856124104,0.0470623138944203,0.0486763797093525,0.0467249828772285,0.0525045703855106,0.0457676879749191,0.0479680218320153,0.0457437122591464,0.0504232858341311,0.0520364842454226,0.0477946337262622,0.0479358464967261,0.0496430712914266,0.0496225214721774,0.0540447262377889,0.050644332655312,0.050268703809312,0.0483768315312754,0.0494187490285331,0.0489579326884112
"Cystophora_cristata",0,0,0,0,0,0,0,0,0,0,0,0,0,0,0,0,0,0,0,0,0,0,0,0,0,0,0,0,0,0,0,0,0,0,0,0,0,0,0,0,0,0,0,0,0,0,0,0,0,0,0,0,0,0,0,0,0,0,0,0,0,0,0,0,0,0,0,0,0,0,0,0,0,0,0,0,0,0,0,0,0,0,0,0,0,0,0,0,0,0,0,0,0,0,0,0,0,0,0,0,0
"Erignathus_barbatus",0,0,0,0,0,0,0,0,0,0,0,0,0,0,0,0,0,0,0,0,0,0,0,0,0,0,0,0,0,0,0,0,0,0,0,0,0,0,0,0,0,0,0,0,0,0,0,0,0,0,0,0,0,0,0,0,0,0,0,0,0,0,0,0,0,0,0,0,0,0,0,0,0,0,0,0,0,0,0,0,0,0,0,0,0,0,0,0,0,0,0,0,0,0,0,0,0,0,0,0,0
"Halichoerus_grypus",0,0,0,0,0,0,0,0,0,0,0,0,0,0,0,0,0,0,0,0,0,0,0,0,0,0,0,0,0,0,0,0,0,0,0,0,0,0,0,0,0,0,0,0,0,0,0,0,0,0,0,0,0,0,0,0,0,0,0,0,0,0,0,0,0,0,0,0,0,0,0,0,0,0,0,0,0,0,0,0,0,0,0,0,0,0,0,0,0,0,0,0,0,0,0,0,0,0,0,0,0
"Mirounga_angustirostris",0,0,0,0,0,0,0,0,0,0,0,0,0,0,0,0,0,0,0,0,0,0,0,0,0,0,0,0,0,0,0,0,0,0,0,0,0,0,0,0,0,0,0,0,0,0,0,0,0,0,0,0,0,0,0,0,0,0,0,0,0,0,0,0,0,0,0,0,0,0,0,0,0,0,0,0,0,0,0,0,0,0,0,0,0,0,0,0,0,0,0,0,0,0,0,0,0,0,0,0,0
"Monachus_schauinslandi",0,0,0,0,0,0,0,0,0,0,0,0,0,0,0,0,0,0,0,0,0,0,0,0,0,0,0,0,0,0,0,0,0,0,0,0,0,0,0,0,0,0,0,0,0,0,0,0,0,0,0,0,0,0,0,0,0,0,0,0,0,0,0,0,0,0,0,0,0,0,0,0,0,0,0,0,0,0,0,0,0,0,0,0,0,0,0,0,0,0,0,0,0,0,0,0,0,0,0,0,0
"Phoca_largha",0,0,0,0,0,0,0,0,0,0,0,0,0,0,0,0,0,0,0,0,0,0,0,0,0,0,0,0,0,0,0,0,0,0,0,0,0,0,0,0,0,0,0,0,0,0,0,0,0,0,0,0,0,0,0,0,0,0,0,0,0,0,0,0,0,0,0,0,0,0,0,0,0,0,0,0,0,0,0,0,0,0,0,0,0,0,0,0,0,0,0,0,0,0,0,0,0,0,0,0,0
"Phoca_vitulina",0,0,0,0,0,0,0,0,0,0,0,0,0,0,0,0,0,0,0,0,0,0,0,0,0,0,0,0,0,0,0,0,0,0,0,0,0,0,0,0,0,0,0,0,0,0,0,0,0,0,0,0,0,0,0,0,0,0,0,0,0,0,0,0,0,0,0,0,0,0,0,0,0,0,0,0,0,0,0,0,0,0,0,0,0,0,0,0,0,0,0,0,0,0,0,0,0,0,0,0,0
"Pusa_hispida",0,0,0,0,0,0,0,0,0,0,0,0,0,0,0,0,0,0,0,0,0,0,0,0,0,0,0,0,0,0,0,0,0,0,0,0,0,0,0,0,0,0,0,0,0,0,0,0,0,0,0,0,0,0,0,0,0,0,0,0,0,0,0,0,0,0,0,0,0,0,0,0,0,0,0,0,0,0,0,0,0,0,0,0,0,0,0,0,0,0,0,0,0,0,0,0,0,0,0,0,0
"Pusa_sibirica",0,0,0,0,0,0,0,0,0,0,0,0,0,0,0,0,0,0,0,0,0,0,0,0,0,0,0,0,0,0,0,0,0,0,0,0,0,0,0,0,0,0,0,0,0,0,0,0,0,0,0,0,0,0,0,0,0,0,0,0,0,0,0,0,0,0,0,0,0,0,0,0,0,0,0,0,0,0,0,0,0,0,0,0,0,0,0,0,0,0,0,0,0,0,0,0,0,0,0,0,0
"Nandinia_binotata",0.0162074549050276,0.0162074549047466,0.016207454904967,0,0.0162074549045531,0.0162074549034045,0.0162074546420828,0.0162074549044599,0.0162074549052157,0.0162074551663904,0,0.0162074549038887,0.0162074549046224,0.0162074551670192,0.0162074549048382,0.016207454903075,0.0162074549032929,0.016207454641444,0.0162074549042131,0.0162074549046751,0,0.0162074549039476,0,0,0.016207454903742,0,0.0162074546408604,0,0.0162074551670453,0.0162074549043082,0.0162074549041574,0,0.0162074549038333,0.0162074549037181,0.0162074546420215,0.0162074551659537,0.0162074549039227,0.0162074549030779,0.0162074549038441,0.0162074551676095,0.0162074549033823,0.0162074551671396,0.016207455166618,0.0162074549038191,0,0.016207454905183,0.0162074551670785,0.0162074551678092,0.0162074549039532,0.0162074549051942,0,0.0162074549031737,0.0162074549050033,0.0162074549042474,0.0162074551658344,0.0162074546424154,0.0162074551674864,0,0.0162074546412445,0.0162074551658742,0.0162074549041337,0.0162074549040723,0.0162074549044783,0.016207454904495,0.0162074549037712,0.0162074549035717,0.0162074546415297,0.0162074551659983,0,0.0162074549031778,0.0162074551674479,0,0.0162074549035254,0.0162074549051884,0.0162074549051293,0.0162074551678374,0.0162074549045813,0.0162074549042823,0.016207454641924,0.0162074549031026,0.0162074549040011,0.016207455167147,0,0.0162074551657994,0,0.0162074549041342,0.0162074549048494,0,0.0162074549036846,0.0162074551677755,0.0162074549041113,0.016207454642285,0.0162074549048033,0.0162074549035635,0.0162074551665838,0,0,0.0162074551661701,0.0162074549038852,0.0162074551659753,0.0132901130529443
"Odobenus_rosmarus",0.0404639679509926,0.0403623017086743,0.0408473188033663,0.0406492795576744,0.0403654021491335,0.0396800077261822,0.040893128834149,0.0402065183755203,0.0411932430187366,0.0396604085395245,0.0403344402781295,0.0387677470078652,0.0413652039605903,0.04040229534632,0.0401525991482353,0.0382827609131779,0.0409716693544253,0.0402349900472091,0.0411822654231786,0.0400481539029267,0.0400712916420246,0.0387296819241103,0.0414734264167673,0.0412424077422094,0.0404757650996633,0.0387549957580831,0.0393546529602865,0.0410497825077404,0.0407289123164701,0.0389913803300625,0.0403773310028484,0.040911993797927,0.0391064320993873,0.0396244976615818,0.0402074010332005,0.040270216372724,0.040709957233917,0.0411375994254536,0.0399556731822899,0.0415366327748919,0.0396492186100295,0.0403011836407294,0.0399357035208052,0.0410773318945067,0.040010698867082,0.041454990571844,0.0401610812813288,0.0415092342545285,0.0402194113628603,0.0390319696762438,0.0419441710544374,0.0407808987435624,0.0406487227217809,0.0409045099800498,0.0413845653287233,0.0427528253585033,0.0409815608354533,0.0389192482819348,0.0421371951707755,0.0402426389700965,0.0413401706123886,0.0396936082106912,0.0384957360004078,0.0407717056433455,0.0407085684587662,0.0402565825725959,0.040748652163629,0.0410462727811233,0.0415666866653735,0.0407341333630556,0.0409139087071392,0.0397338341709857,0.0388514637075109,0.0398583132662709,0.040847382214346,0.0393037853278078,0.0389594917109791,0.0391971022316215,0.0418915948577467,0.0399359331773184,0.040234578861456,0.0415126254175816,0.0394286846628409,0.0389111962397659,0.0413672265452235,0.0413507623536266,0.041173924579972,0.0394215580138936,0.0394848942873097,0.0410861434226658,0.0390682930958844,0.0409399250014901,0.0415266612526575,0.0400127688701954,0.0399575922045423,0.0407562185980734,0.0407517209105517,0.0400144372145151,0.0429780764100348,0.0385902592420347,0.0403824336648034
